common_substrings,count
doge,154
脱单doge,52
世界杯,35
蹭电脑玩游戏,34
明天凌晨直播,34
家里吃饭,34
老婆放画面,33
参加葬礼,33
call,32
主办方,26
星星眼,25
辣眼睛,25
嗑瓜子,24
https,21
回旋镖,20
支持真老师,20
感觉更合适,20
沙特联赛,19
伟罗家,19
真实球迷汇GoOut主题,19
球迷先挑衅辱骂,18
赛中回击,18
忽略球迷,18
挑衅行,18
沙特做,18
劳伦斯,17
罗结晶,14
真老师,13
含金量,13
说梅西,13
中国球迷,12
密国际,12
真实球迷汇,11
知道梅西,11
金球加世足先生,10
肯定美斯,10
足球作,10
高荣誉,10
破运动,10
力全世界,10
年美洲杯,10
法说服,10
克罗斯,9
金球奖,9
两项世界,9
够衡量,9
梅西没,8
没办法,8
呦西呦西,8
梅西粉丝,8
初音未,8
俱乐部,7
里奥呦西,7
足球光影,7
力神杯,7
黑梅西,7
goat,7
没脑子,7
里奥吆西,7
热刺信仰,7
敢做敢,7
世界杯冠军,6
欧洲杯,6
维斯塔潘,6
up主,6
空城孤烟,6
喜欢梅西,6
票钱莫名退,6
盗圣终究,6
眼泪莫名,6
座金囚奖,6
祈祷资,6
发发力,6
咸鸽子,6
群杂鱼评头,6
西方国家,6
目共睹,6
金球足,6
复读机,6
传梅西塌房,6
少风风雨雨,6
法正常踢球,6
全面否定,6
心里留,6
懂梅西,6
永远体,6
置顶评,6
美洲杯,5
造球王,5
十年前,5
纪录片,5
科目三,5
带节奏,5
GOAT,5
雅动作,5
足球圈,5
滴良民,5
理塘絕兇猛虎丁真,5
冷处理,5
全世界,5
家鸽鸽,5
终幻想,5
真实球迷汇粉蓝,4
瑞思拜,4
发视频,4
贝钧奇,4
冷知识,4
互联网,4
感兴趣,4
模仿活塞运动,4
道德绑架,4
非判断,4
尊重球迷,4
扣帽子,4
支持呦西,4
态度问题,4
马鹿野郎,4
解说纪录片,4
医疗条件,4
伟罗承受,4
胡乱咬,4
做恶太,4
沙特球迷,4
狮子兔兔,4
NBA,4
围罗救梅,4
梅西球迷,4
表演赛,4
段时间,4
网友猛,4
俩窝窝,4
arrive,4
永远支持,4
足坛梅友记,4
懂足球,4
喝亡姥激,4
响球王,4
犹太造,4
梅西绝,4
FIFA钦定,4
球王西欧足球,4
目共睹侏位,4
南美洲,4
梅西塌房,4
读计划,4
欧美杯,3
足球荒漠,3
詹姆斯,3
尊重竞技,3
笑点解析,3
FIFA,3
蹭流量,3
劳伦斯奖,3
西粉丝,3
梅西真,3
香港行,3
没问题,3
世界足球先生,3
进球数,3
老梁说,3
国家队,3
赛车迷,3
喷梅西,3
朴昌罗,3
李老八,3
siuuu,3
生长激素,3
足球运动员,3
足球运动,3
知道主办方,3
NoWorld,3
真性情,3
OqwkL兄弟,3
影响力,3
CreamBusterD,3
c罗干,3
老老实,3
老实实,3
医学奇迹,3
然热爱,3
没毛病,3
网球迷,3
min,3
肌肉水肿,3
投名状,3
说实话,3
摔手机,3
选择性,3
伟罗家乡,3
中国没,3
呦西干爹,3
Schiz,3
双手插兜,3
里奥梅西,3
苏亚雷斯,3
转化率,3
C罗单,3
AI视频,3
信服力,3
克鲁伊夫,3
话语权,3
徐静雨,3
心目中,3
知道呦西,3
梅西控制,3
道歉视频,3
金球奖稳,3
脊梁骨,3
粉丝量,3
球员没,3
颠倒黑白,3
更喜欢,3
支持梅西,3
姚明!姚明,3
香港政府,3
真抽象,3
帽子戏法,3
违反合,3
西蒙尼,3
shyer,3
ShawSwag,3
hhh,3
常吃饭,3
AI合成,3
思念远方,3
支持李老八,3
主流舆,3
少冠军,3
固然重,3
品更重,3
曼城三冠王,3
加油助威,3
功告城,3
梅西中国球迷,3
中国粉丝,3
命发誓👍,3
面球迷挑衅,3
剑士林克,3
守护塞,3
问鼎华夏,3
点震撼,2
蹭热度,2
传说妖皇,2
太保守,2
尊重中国球迷,2
尊重中国,2
时梅西,2
德保罗,2
利物浦,2
球王梅西,2
软封杀,2
称两坨勾史,2
qjf,2
主办方td,2
友谊赛,2
official,2
欧足联,2
支持真,2
两件事,2
呦西粉,2
究极美味厚礼蟹,2
样主办方,2
春秋笔法,2
分站冠军,2
单赛季,2
太真实,2
支持真嗨,2
届劳伦斯,2
UP主,2
神偷呦西,2
期更新,2
感觉剪,2
字眼太,2
竞技水平,2
次活动,2
二公子找,2
梅西背锅,2
二公子,2
足球总,2
西团队,2
梅西面前,2
滴呦西,2
补档倒计时,2
ಡωಡ,2
彻底疯,2
足球水平,2
历史级,2
密国际俱乐部,2
珈晚贝嘉梓,2
贴张寻,2
美职联,2
梅西受伤,2
前期准备,2
萨中国行,2
万美元,2
這個動作,2
沙特愛,2
现场没,2
预定五雷轰顶套餐,2
求天谴,2
美滋滋,2
社媒yygq,2
楼西花,2
开zz,2
街球手,2
蠕虫卵,2
配球王,2
全体中国梅迷,2
爱中国梅迷,2
命发誓🤩,2
李博真,2
amp,2
热词系列,2
职业生涯,2
进点球,2
肉毒杆菌,2
🤣🤣🤣,2
沙特没禁赛,2
中国媒体,2
粉丝代表呦西,2
brfootball,2
扣二送咕姥肉,2
送亡姥吉,2
梅西持球,2
扣三送外婆,2
风评没影响,2
球迷互动,2
目瞪口呆,2
hyacinthus,2
muyu,2
硬偏判罚,2
营销球王,2
根廷队,2
刘翔脚受伤,2
反观…,2
说破天,2
西巅峰,2
联赛进,2
扎加洛,2
全程坐,2
AqMt,2
出场费,2
立场判断,2
开球前,2
补名单,2
说电影,2
粉色球衣蓝白球衣,2
没做错什,2
说句话,2
尼日利亚,2
条五毛,2
九二共识,2
团结统,2
现实生活,2
盲流子,2
C罗道歉➕请,2
微笑招手,2
说摔手机,2
真球迷,2
支持国,2
世界杯淘汰赛,2
辱骂罗哥家,2
全程挑衅,2
竖中指,2
家球迷,2
说先撩,2
姚明踢足球,2
踢足球,2
买水军填回,2
帮水军,2
变相承认香港,2
ifhhs,2
佳中场,2
瞎扯淡,2
说脏话侮辱中国裁判,2
中国裁判,2
球迷手机,2
球迷泼水,2
搞旅行,2
升高度,2
忠犬带,2
女球迷,2
想表明,2
国际足联亲封,2
ESPN,2
体育画报,2
半退休状态,2
封杀封杀,2
梅西高,2
五子登科,2
里贝里,2
偷金球,2
典梅毒眼里,2
知道老鼠,2
球迷意,2
谈政治,2
太合适,2
抛开事实,2
惜骡哥世界杯,2
世界杯金手套,2
助攻精英全,2
韩国揍哭,2
金手套,2
支持球王,2
尝尝咸淡,2
香港没,2
蚌埠住,2
煤老鼠,2
夜醉枫,2
门票退,2
说身体,2
马岛表示,2
阴阳抽象恶心,2
梅西获奖,2
兔年吉祥東雪蓮,2
写出曹丞相开翻航母,2
双标迷惑发言,2
皇马球迷,2
取外号,2
反梅联军组成部分,2
皇家马德里贴,2
劳伦斯光,2
行李架坝,2
儒西球迷,2
侏儒西更,2
毒中毒,2
超高素质,2
粉丝互动,2
黎奥运,2
suck,2
HHH,2
说日语,2
喜欢里奥,2
服判罚黄牌,2
判罚黄牌,2
字母罗中国行失败,2
抓住辫子,2
开始盲目,2
字母罗,2
懂流量,2
知道马岛战争,2
辱华言,2
真卑微,2
次射门,2
射门控球率传球成功率角球,2
意球遥遥领先,2
讯转播NBA,2
领导提,2
转播迈,2
收视率,2
况付费,2
始终相信梅西,2
萨塔收收味,2
典围罗救梅,2
腹股沟,2
里奥犹西,2
评判标准,2
瓜迪奥拉,2
中立球迷,2
项运动,2
宠物现,2
准备出,2
果然梅西球迷,2
id配合,2
明明球技秒杀足坛,2
制造威胁球历史,2
创造进球数历史,2
场均评分历史,2
罗突破历史,2
世界杯历史,2
欧冠历史,2
罗关系,2
优先投,2
密踢球,2
贝均奇,2
未出场,2
次事件,2
件事情,2
万美金,2
张口闭口爱中国,2
中国行递台阶,2
根廷队受,2
侏儒老鼠,2
刀削面,2
c罗知道吕七忧,2
吕七忧,2
霉西球迷,2
认识梅西,2
邓紫棋,2
cloudybeyond,2
headhunterz,2
包括普吉,2
金球悬念,2
ai合成,2
取日文名,2
说亲日,2
blx,2
bili,2
玩游戏,2
辱儒家,2
做网坛吆西,2
吆西粉丝,2
时候万,2
扒主办方,2
统战价值,2
话确实没什,2
梅西做,2
C罗做,2
Ctailor,2
刀削面机器,2
儒登顶世界杯,2
拉世界杯,2
单挑三十,2
舌技帮助,2
敬安东,2
指名道姓,2
艾米莉娅爱德鲁曼,2
足球天皇,2
家长投诉,2
umm,2
萨梅西逆天球迷🤣,2
卡卡姆,2
证明梅西,2
愿喜欢吆西,2
怕戳脊梁骨,2
三三联合,2
香港球场,2
三联盟,2
绿鬣蜥叮,2
喊梅西,2
Spike,2
斯皮格,2
正月说,2
霍启刚,2
嘴张开,2
铁血哥布林,2
天理难容,2
辣鸡杠杠,2
梅西干,2
压骡八,2
白兔涨粉,2
金手套放裆前做,2
根廷门,2
点事没,2
よういができましたいつでも,2
arrive!格策,2
arrive!梅西,2
arrive!姆,2
开始点名哲科,2
方面踩,2
收肌水肿加,2
金球稳,2
普拉蒂尼,2
太简单,2
职业球员,2
沒表態,2
沒互動,2
梅西点球没,2
NBA事件,2
没骨气,2
暗指身高,2
吃刀削面,2
帮圈外老球迷蹭足球流量蹭麻,2
真嗨牌子收,2
简中服,2
完全脑子短路,2
球迷先挑事,2
赛场输赢,2
复仇成功,2
家法国,2
世足加,2
byd,2
象新闻,2
太难绷,2
宅警備員,2
怠惰の,2
爱支持,2
全tm,2
AbstractBug,2
越位射门吹哨两黄罚,2
部分时间没节奏,2
森纳优势倒,2
醒装睡,2
点喜欢罗哥,2
霍家斗,2
享乐心理,2
钢铁侠,2
实事求,2
真牢师,2
霍公子,2
永远支持梅西,2
沙特踢没踢,2
独孤寒风,2
没走出,2
岁月史书颠倒黑白想,2
点球杯蓝白,2
西粉莫名,2
太准确,2
点球杯,2
亡佬激,2
射门!,2
中东环球奖,2
西太君,2
十六夜腥月,2
司马尘,2
直接欧美杯历史,2
总共参赛队伍,2
周杯含金量,2
up主说,2
黑主办方台毒,2
呦西切割,2
腿确实,2
罗斯伯格结晶,2
骂C罗,2
完蛋事,2
呦西孩子谢谢,2
梅西狠狠扇,2
抛头颅洒热血争,2
脊椎动物,2
杰仔kt,2
确实挺,2
Wayne,2
Esing,2
rema,2
king,2
跪族篮孩,2
放完歇菜,2
商业价值,2
球员薪资,2
早晚完球,2
播放权,2
断降低,2
影响力摆,2
球员通道缓缓入场,2
笑声传入场中,2
见李老八手握,2
足坛半数球迷,2
球迷相继拷,2
贴身太监,2
出征讨伐,2
太监猫眼,2
敌军杀进,2
讨伐梅西,2
奋力抵抗,2
梅西坐,2
前面跪,2
球场跪,2
号球衣,2
桀桀桀,2
日月合,2
偷偷登,2
狂暴精灵正版,2
翻译错误,2
喜欢C罗,2
梅西进球,2
爱妻子,2
言公平公正,2
粘鼠板没,2
想浑水摸鱼,2
政治站位,2
利益分配,2
英国佬,2
球王带,2
变成捕鼠夹,2
捕鼠夹,2
梅喉王艺‌‌‌‌‌‌‌‌术形象努力创造,2
继续扮演梅喉王,2
弘扬儒家文化,2
AI痕迹,2
朋友母亲,2
正式开机,2
偷金记,2
🤗🤗🤗,2
颗牛油果丶,2
普拉蒂尼干爹干翻,2
兰帕德特里顶,2
没道歉,2
罗结晶眼里,2
伟罗眼里,2
没封杀,2
支持球王梅西,2
坚决拷,2
假爱国,2
萨塔骗进,2
造谣附,2
没进球,2
美斯牙黑肯定,2
视频p,2
梅西正,2
school媒体,2
前听谣传说wb,2
佩服罕见,2
尊嘟假嘟,2
新注册,2
否定梅西,2
correct,2
猴子猴孙急坏,2
迈美喉王,2
国务院,2
世界杯取消举办,2
kaker,2
七场五点,2
决赛点,2
越描越黑,2
晚早睡,2
底梅西,2
灰原哀,2
前场球权,2
加伊兹卡,2
贴冷屁股,2
举世皆浊,2
明确表态,2
继续坚持,2
pua,2
然喜欢,2
刚准备开喷,2
登贝莱,2
典语录,2
流口水,2
没意思,2
话nba,2
时复播什,2
利益驱,2
涡罗跳水,2
公布出,2
退票钱,2
梅子梅孙,2
powpow,2
体育神偷,2
喜欢现,2
拉钉美洲裔西梅太郎,2
西粉丝爆破,2
侮辱沙特,2
沙特封杀,2
族歧视,2
国王K,2
抱团总冠军,2
跨栏总冠军,2
挺恶心,2
陆网民,2
C罗真实水平,2
单独发生没,2
世界杯成绩,2
梅东确实,2
欧冠更强,2
辉煌时期,2
C罗更强,2
梅东身,2
重欧冠,2
低俗哥,2
垃圾侏儒,2
法国队,2
阵荷兰,2
点问题,2
西生长,2
评分直接,2
视频涉嫌,2
双层鸡腿芥末夹心堡,2
相矛盾,2
心吃喜糖,2
唯爱z科学,2
伟罗跪,2
JiangBei,2
Jiang,2
Bei,2
吸没吸,2
点点点点点点点点,2
素质低,2
标题时差点误伤友军,2
实际行动告诉,2
乡花开,2
签庆祝合,2
联赛进球数,2
国家队荣誉,2
全满贯球员,2
团队荣誉,2
C罗历史,2
否认C罗,2
差点意思,2
助攻数,2
足坛唯,2
霍回应,2
说ZZ影响力,2
老队友太熟悉,2
区域持球,2
中路爆破,2
Skywalker,2
Lucky,2
球队球迷嘲讽侮辱,2
宣传沙特,2
说沙特,2
胜利外,2
前裤衩,2
瑞莱智慧,2
敢直呼,2
关键词搜,2
韦罗试试,2
帮老鼠,2
反噬罢,2
source,2
吃点🐭💊,2
点激素,2
凑凑热闹,2
听up讲,2
点热血,2
獭老师,2
偷美斯,2
b感觉明显想控流,2
忘记截图,2
条视频,2
号发现,2
说支持,2
艾特出,2
realDonald,2
目前没动静,2
🙏🙏🙏🙏🙏🙏,2
微博作死,2
做视频顶,2
🙏🙏🙏,2
优越感,2
限行窃,2
常神偷,2
梅西强,2
直播吃屎,2
公主表示,2
BBC,2
点伤心,2
根廷真,2
天美职联梅西,2
受伤球员挡拆,2
受伤球员,2
算折辱摊摊,2
说摊摊没偷,2
方面呦西独,2
摊摊放,2
呦西现场羞辱,2
动感迪迪,2
群灵魂跪,2
敲木鱼,2
金球获,2
世足获,2
周知斯坦福斯桥惨案,2
呦西迷洗白,2
穆罕默德,2
madrid,2
皇马粉丝,2
hala,2
蟹黄堡秘方,2
户隐私设置,2
关注列表,2
果年c,2
水乐子路,2
北京真实,2
星工辰仪社,2
太浮躁,2
儒儒未P图神颜,2
抵达新世界,2
暗示梅西身高,2
根廷总统,2
选择评,2
创造奇迹,2
越感觉,2
克劳奇,2
侏儒欧尼酱,2
倒贴工资,2
梅粉表示,2
调音师,2
世界里,2
粉转黑,2
新式捕鼠夹,2
金球世界杯,2
南阳喝拉菲,2
西蜀六杠零,2
惟吾德出,2
足坛銘,2
蓝白丁,2
偷漏税,2
儒子云,2
儒迷魅力时刻,2
讲道理,2
冠军没收,2
脚控球,2
开始扣日,2
说呦西,2
懂世界杯限定亡灵球迷,2
更生草,2
aaa,2
面球迷做,2
双手插兜绕开特首诈伤,2
喜欢梅西喜欢,2
风评变差,2
芙莉莲,2
见环保火力发电厂,2
≠中国公民,2
猪肉加工厂,2
中国公民,2
华盛顿,2
喝亡姥激吃咕姥肉,2
运领域,2
马丁夺冠,2
沙奇里甚,2
欧洲杯做,2
政治手势,2
历史学家,2
旧世纪,2
知道C罗,2
藏头语梅西,2
侏儒王八,2
INS账号压根没道歉,2
公关团队发,2
旧没道歉,2
公关团队,2
梅西全场散步,2
梅西侮辱,2
意鸡蛋里挑骨头挑出,2
毛球清清浅浅,2
青钢影抱摔,2
手机qj全,2
道德楷模,2
镜找缺点,2
代窦娥😅,2
区保安老头,2
反正呦西亲日,2
帮中国,2
畜生站,2
风评拉,2
团队道歉文案里,2
发红包,2
伤病风险,2
出场合,2
埃索达额吉,2
中国香港足总,2
长贝钧奇,2
辣白菜窝窝~,2
曼联时期,2
C罗强,2
梅西解释香港行事件,2
激素球王罢,2
穆里尼奥,2
穆二期,2
tinatia,2
收肌腹股沟,2
缺席香港场作出解释,2
投梅西,2
足球选手,2
行行行,2
牛郎闝,2
容树恒博士说球队,2
梅西中国运营里,2
医生诊断证明,2
继续追问梅西,2
国际医疗团队,2
提出医疗请求,2
梅西诈伤缺席,2
次复制前面,2
出伤病诊断,2
职业联赛,2
球员伤缺,2
球队准备,2
医疗报告,2
西川梅西,2
两次回应,2
王涛钱带,2
仅梅西,2
海梅西,2
问王涛,2
部分赃,2
诈伤没,2
时候签,2
王涛签,2
￣▽￣,2
